{"moduleName":null,"summaries":[{"symbol":{"__symbol":0,"members":[]},"metadata":{"__symbolic":"class","members":{"__ctor__":[{"__symbolic":"constructor","parameters":[{"__symbolic":"resolved","symbol":{"__symbol":1,"members":[]},"line":15,"character":24,"fileName":"src/app/home/home.component.ts"},{"__symbolic":"resolved","symbol":{"__symbol":2,"members":[]},"line":15,"character":51,"fileName":"src/app/home/home.component.ts"}]}],"ngOnInit":[{"__symbolic":"method"}],"release":[{"__symbolic":"method"}]}},"type":{"summaryKind":1,"type":{"reference":{"__symbol":0,"members":[]},"diDeps":[{"isAttribute":false,"isHost":false,"isSelf":false,"isSkipSelf":false,"isOptional":false,"token":{"identifier":{"reference":{"__symbol":1,"members":[]}}}},{"isAttribute":false,"isHost":false,"isSelf":false,"isSkipSelf":false,"isOptional":false,"token":{"identifier":{"reference":{"__symbol":2,"members":[]}}}}],"lifecycleHooks":[0]},"isComponent":true,"selector":"app-home","exportAs":null,"inputs":{},"outputs":{},"hostListeners":{},"hostProperties":{},"hostAttributes":{},"providers":[],"viewProviders":[],"queries":[],"guards":{},"viewQueries":[],"entryComponents":[],"changeDetection":1,"template":{"ngContentSelectors":[],"encapsulation":0},"componentViewType":{"__symbol":3,"members":[]},"rendererType":{"__symbol":4,"members":[]},"componentFactory":{"__symbol":5,"members":[]}}}],"symbols":[{"__symbol":0,"name":"HomeComponent","filePath":"./home.component"},{"__symbol":1,"name":"ElementRef","filePath":"@angular/core/core"},{"__symbol":2,"name":"ActivatedRoute","filePath":"@angular/router/router"},{"__symbol":3,"name":"View_HomeComponent_0","filePath":"./home.component.ngfactory"},{"__symbol":4,"name":"RenderType_HomeComponent","filePath":"./home.component.ngfactory"},{"__symbol":5,"name":"HomeComponentNgFactory","filePath":"./home.component.ngfactory"}]}