{"moduleName":null,"summaries":[{"symbol":{"__symbol":0,"members":[]},"metadata":{"__symbolic":"class","members":{"__ctor__":[{"__symbolic":"constructor","parameters":[{"__symbolic":"resolved","symbol":{"__symbol":1,"members":[]},"line":13,"character":35,"fileName":"src/app/login/login.component.ts"},{"__symbolic":"resolved","symbol":{"__symbol":2,"members":[]},"line":13,"character":66,"fileName":"src/app/login/login.component.ts"},{"__symbolic":"resolved","symbol":{"__symbol":3,"members":[]},"line":13,"character":97,"fileName":"src/app/login/login.component.ts"}]}],"ngOnInit":[{"__symbolic":"method"}],"testInput":[{"__symbolic":"method"}],"clearInput":[{"__symbolic":"method"}],"back":[{"__symbolic":"method"}]}},"type":{"summaryKind":1,"type":{"reference":{"__symbol":0,"members":[]},"diDeps":[{"isAttribute":false,"isHost":false,"isSelf":false,"isSkipSelf":false,"isOptional":false,"token":{"identifier":{"reference":{"__symbol":1,"members":[]}}}},{"isAttribute":false,"isHost":false,"isSelf":false,"isSkipSelf":false,"isOptional":false,"token":{"identifier":{"reference":{"__symbol":2,"members":[]}}}},{"isAttribute":false,"isHost":false,"isSelf":false,"isSkipSelf":false,"isOptional":false,"token":{"identifier":{"reference":{"__symbol":3,"members":[]}}}}],"lifecycleHooks":[0]},"isComponent":true,"selector":"app-login","exportAs":null,"inputs":{},"outputs":{},"hostListeners":{},"hostProperties":{},"hostAttributes":{},"providers":[],"viewProviders":[],"queries":[],"guards":{},"viewQueries":[],"entryComponents":[],"changeDetection":1,"template":{"ngContentSelectors":[],"encapsulation":0},"componentViewType":{"__symbol":4,"members":[]},"rendererType":{"__symbol":5,"members":[]},"componentFactory":{"__symbol":6,"members":[]}}}],"symbols":[{"__symbol":0,"name":"LoginComponent","filePath":"./login.component"},{"__symbol":1,"name":"NzModalService","filePath":"ng-zorro-antd/antd"},{"__symbol":2,"name":"Router","filePath":"@angular/router/router"},{"__symbol":3,"name":"ActivatedRoute","filePath":"@angular/router/router"},{"__symbol":4,"name":"View_LoginComponent_0","filePath":"./login.component.ngfactory"},{"__symbol":5,"name":"RenderType_LoginComponent","filePath":"./login.component.ngfactory"},{"__symbol":6,"name":"LoginComponentNgFactory","filePath":"./login.component.ngfactory"}]}