{"moduleName":null,"summaries":[{"symbol":{"__symbol":0,"members":[]},"metadata":{"__symbolic":"class","members":{"__ctor__":[{"__symbolic":"constructor"}],"ngOnInit":[{"__symbolic":"method"}]}},"type":{"summaryKind":1,"type":{"reference":{"__symbol":0,"members":[]},"diDeps":[],"lifecycleHooks":[0]},"isComponent":true,"selector":"app-follow","exportAs":null,"inputs":{},"outputs":{},"hostListeners":{},"hostProperties":{},"hostAttributes":{},"providers":[],"viewProviders":[],"queries":[],"guards":{},"viewQueries":[],"entryComponents":[],"changeDetection":1,"template":{"ngContentSelectors":[],"encapsulation":0},"componentViewType":{"__symbol":1,"members":[]},"rendererType":{"__symbol":2,"members":[]},"componentFactory":{"__symbol":3,"members":[]}}}],"symbols":[{"__symbol":0,"name":"FollowComponent","filePath":"./follow.component"},{"__symbol":1,"name":"View_FollowComponent_0","filePath":"./follow.component.ngfactory"},{"__symbol":2,"name":"RenderType_FollowComponent","filePath":"./follow.component.ngfactory"},{"__symbol":3,"name":"FollowComponentNgFactory","filePath":"./follow.component.ngfactory"}]}