{"moduleName":null,"summaries":[{"symbol":{"__symbol":0,"members":[]},"metadata":{"__symbolic":"class","members":{"__ctor__":[{"__symbolic":"constructor","parameters":[{"__symbolic":"resolved","symbol":{"__symbol":1,"members":[]},"line":10,"character":28,"fileName":"src/app/release/release.component.ts"},{"__symbolic":"resolved","symbol":{"__symbol":2,"members":[]},"line":10,"character":59,"fileName":"src/app/release/release.component.ts"}]}],"ngOnInit":[{"__symbolic":"method"}]}},"type":{"summaryKind":1,"type":{"reference":{"__symbol":0,"members":[]},"diDeps":[{"isAttribute":false,"isHost":false,"isSelf":false,"isSkipSelf":false,"isOptional":false,"token":{"identifier":{"reference":{"__symbol":1,"members":[]}}}},{"isAttribute":false,"isHost":false,"isSelf":false,"isSkipSelf":false,"isOptional":false,"token":{"identifier":{"reference":{"__symbol":2,"members":[]}}}}],"lifecycleHooks":[0]},"isComponent":true,"selector":"app-release","exportAs":null,"inputs":{},"outputs":{},"hostListeners":{},"hostProperties":{},"hostAttributes":{},"providers":[],"viewProviders":[],"queries":[],"guards":{},"viewQueries":[],"entryComponents":[],"changeDetection":1,"template":{"ngContentSelectors":[],"encapsulation":0},"componentViewType":{"__symbol":3,"members":[]},"rendererType":{"__symbol":4,"members":[]},"componentFactory":{"__symbol":5,"members":[]}}}],"symbols":[{"__symbol":0,"name":"ReleaseComponent","filePath":"./release.component"},{"__symbol":1,"name":"Router","filePath":"@angular/router/router"},{"__symbol":2,"name":"ActivatedRoute","filePath":"@angular/router/router"},{"__symbol":3,"name":"View_ReleaseComponent_0","filePath":"./release.component.ngfactory"},{"__symbol":4,"name":"RenderType_ReleaseComponent","filePath":"./release.component.ngfactory"},{"__symbol":5,"name":"ReleaseComponentNgFactory","filePath":"./release.component.ngfactory"}]}