{"moduleName":null,"summaries":[{"symbol":{"__symbol":0,"members":[]},"metadata":{"__symbolic":"class","members":{"__ctor__":[{"__symbolic":"constructor","parameters":[{"__symbolic":"resolved","symbol":{"__symbol":1,"members":[]},"line":10,"character":24,"fileName":"src/app/app.component.ts"}]}],"ngAfterViewInit":[{"__symbolic":"method"}],"ngOnInit":[{"__symbolic":"method"}]}},"type":{"summaryKind":1,"type":{"reference":{"__symbol":0,"members":[]},"diDeps":[{"isAttribute":false,"isHost":false,"isSelf":false,"isSkipSelf":false,"isOptional":false,"token":{"identifier":{"reference":{"__symbol":1,"members":[]}}}}],"lifecycleHooks":[0,6]},"isComponent":true,"selector":"app-fin","exportAs":null,"inputs":{},"outputs":{},"hostListeners":{},"hostProperties":{},"hostAttributes":{},"providers":[],"viewProviders":[],"queries":[],"guards":{},"viewQueries":[],"entryComponents":[],"changeDetection":1,"template":{"ngContentSelectors":[],"encapsulation":0},"componentViewType":{"__symbol":2,"members":[]},"rendererType":{"__symbol":3,"members":[]},"componentFactory":{"__symbol":4,"members":[]}}}],"symbols":[{"__symbol":0,"name":"AppComponent","filePath":"./app.component"},{"__symbol":1,"name":"ElementRef","filePath":"@angular/core/core"},{"__symbol":2,"name":"View_AppComponent_0","filePath":"./app.component.ngfactory"},{"__symbol":3,"name":"RenderType_AppComponent","filePath":"./app.component.ngfactory"},{"__symbol":4,"name":"AppComponentNgFactory","filePath":"./app.component.ngfactory"}]}