{"moduleName":null,"summaries":[{"symbol":{"__symbol":0,"members":[]},"metadata":{"__symbolic":"class","members":{"__ctor__":[{"__symbolic":"constructor","parameters":[{"__symbolic":"resolved","symbol":{"__symbol":1,"members":[]},"line":36,"character":27,"fileName":"src/app/index/index.component.ts"},{"__symbolic":"resolved","symbol":{"__symbol":2,"members":[]},"line":36,"character":56,"fileName":"src/app/index/index.component.ts"},{"__symbolic":"resolved","symbol":{"__symbol":3,"members":[]},"line":36,"character":75,"fileName":"src/app/index/index.component.ts"}]}],"ngAfterViewInit":[{"__symbolic":"method"}],"ngOnInit":[{"__symbolic":"method"}],"sidenavclose":[{"__symbolic":"method"}],"sidenavopen":[{"__symbolic":"method"}],"choice":[{"__symbolic":"method"}]}},"type":{"summaryKind":1,"type":{"reference":{"__symbol":0,"members":[]},"diDeps":[{"isAttribute":false,"isHost":false,"isSelf":false,"isSkipSelf":false,"isOptional":false,"token":{"identifier":{"reference":{"__symbol":4,"members":[]}}}},{"isAttribute":false,"isHost":false,"isSelf":false,"isSkipSelf":false,"isOptional":false,"token":{"identifier":{"reference":{"__symbol":2,"members":[]}}}},{"isAttribute":false,"isHost":false,"isSelf":false,"isSkipSelf":false,"isOptional":false,"token":{"identifier":{"reference":{"__symbol":3,"members":[]}}}}],"lifecycleHooks":[0,6]},"isComponent":true,"selector":"app-index","exportAs":null,"inputs":{},"outputs":{},"hostListeners":{},"hostProperties":{},"hostAttributes":{},"providers":[],"viewProviders":[],"queries":[],"guards":{},"viewQueries":[],"entryComponents":[],"changeDetection":1,"template":{"ngContentSelectors":[],"encapsulation":0},"componentViewType":{"__symbol":5,"members":[]},"rendererType":{"__symbol":6,"members":[]},"componentFactory":{"__symbol":7,"members":[]}}}],"symbols":[{"__symbol":0,"name":"IndexComponent","filePath":"./index.component"},{"__symbol":1,"name":"MediaMatcher","filePath":"@angular/cdk/layout"},{"__symbol":2,"name":"Router","filePath":"@angular/router/router"},{"__symbol":3,"name":"ElementRef","filePath":"@angular/core/core"},{"__symbol":4,"name":"MediaMatcher","filePath":"@angular/cdk/layout/typings/index"},{"__symbol":5,"name":"View_IndexComponent_0","filePath":"./index.component.ngfactory"},{"__symbol":6,"name":"RenderType_IndexComponent","filePath":"./index.component.ngfactory"},{"__symbol":7,"name":"IndexComponentNgFactory","filePath":"./index.component.ngfactory"}]}